id;possible_value;createdd_by;created_time;updated_by;updated_time
1;tame;minister easily;2025-03-11T04:17:22;zesty surprisingly;2025-03-11T06:45:12
2;jovially frank freely;mysteriously;2025-03-10T23:57:38;lively overconfidently;2025-03-11T15:03:04
3;promise strictly dim;unfurl;2025-03-10T17:28:19;never customise atop;2025-03-10T23:11:36
4;internal overload;than happy so;2025-03-11T04:24:25;pupil;2025-03-10T23:08:43
5;carefully which;afore whereas via;2025-03-10T20:07:22;um tribe simple;2025-03-11T03:49:55
6;for politely;neighboring;2025-03-10T21:27:00;unlike where;2025-03-11T02:55:28
7;team;worth;2025-03-11T03:53:21;aboard colossal information;2025-03-10T18:20:53
8;weekly miserly;pfft litter;2025-03-11T07:06:17;nor manage;2025-03-10T20:15:04
9;jubilantly next;remarkable going;2025-03-11T11:10:52;youthfully whereas;2025-03-10T22:04:52
10;wicked;snow pocket-watch;2025-03-10T19:53:14;crest mixture;2025-03-11T07:43:21
