id;attribute_name;attribute_value;attribute_type;createdd_by;created_time;updated_by;updated_time
1;across;overcook solemnly dulcimer;ATTRDECIMAL;rural;2025-03-11T13:50:31;upright psst;2025-03-11T07:26:39
2;papa litter drat;knavishly yet;ATTRFILEPATH;inside since;2025-03-10T16:52:25;juggernaut per;2025-03-11T11:33:31
3;uh-huh freight;amongst mythology;ATTRSINGLESELCT;offensively;2025-03-11T14:40:41;or despite rise;2025-03-10T19:49:57
4;phew;plain oof over;ATTRFILEPATH;whenever;2025-03-10T20:05:05;preside if;2025-03-11T04:05:26
5;phew;immediately;ATTRDATETIME;extent productive gloom;2025-03-10T21:55:22;safely;2025-03-11T13:13:07
6;mature compete;amongst;ATTRIMAGEPATH;bah vice;2025-03-10T23:33:53;searchingly gah;2025-03-10T16:43:19
7;times hmph;by of;ATTRSTRING;slather dim hastily;2025-03-10T21:51:31;and medium underneath;2025-03-11T11:31:01
8;before whack;impressionable;ATTRNUMBER;well-made granular;2025-03-11T03:24:11;even inquisitively quarrelsome;2025-03-11T11:48:44
9;multicolored aircraft;geez trolley whitewash;ATTRIMAGEPATH;soon;2025-03-11T04:30:30;before pricey;2025-03-11T01:04:42
10;who angrily;border heartache;ATTRIMAGEPATH;outrageous;2025-03-10T22:07:23;louse who necessary;2025-03-11T01:28:58
