id;email;contact;altername_contact;language;user_status;createdd_by;created_time;updated_by;updated_time
1;":H7@17i7^{.q&";7172777521;2839410299;Bojhpuri;Blocked;heroine gah;2025-03-10T19:50:20;rule;2025-03-11T08:19:27
2;"H#lB@D#!hgV.W%";5621637972;3179011811;Telegu;Active;during shakily serene;2025-03-10T11:59:22;furthermore neatly;2025-03-11T01:21:44
3;"0u@y7.LVQwd7";5278755034;6095658461;Marathi;Active;disbar even lock;2025-03-10T17:16:17;really aboard beside;2025-03-11T07:45:52
4;"_Yjd<@wH.<3IBj";6962252028;5772629935;Kanada;Blocked;broadly;2025-03-10T11:47:52;mobilize pro upright;2025-03-10T19:24:06
5;"0wh|4@tr*.9";8481954544;1274641726;Kashmiri;Active;who per quintuple;2025-03-10T20:15:11;hm metallic;2025-03-10T21:57:41
6;"&X/wzg@C^.QnE0";2176157563;5973486376;Bojhpuri;Premium;notwithstanding;2025-03-11T00:27:29;excluding where round;2025-03-10T19:46:27
7;"D*';%@k2u.14CKW?";9709469171;4347843772;Kanada;Premium;all;2025-03-11T07:29:52;yowza yahoo;2025-03-11T03:03:20
8;"^9U~]Y@U.c&roU";5433109655;9897464990;Bengali;Premium;hyphenation scarily;2025-03-10T12:15:08;muddy provided;2025-03-10T22:06:44
9;"U$,@_.K?ozx?";5237317267;4144549164;Bengali;Premium;hourly almost robust;2025-03-10T13:57:46;cooperative;2025-03-10T21:30:37
10;"Jj8j4@d.i";7587299875;4634077519;Hindi;Active;ouch when while;2025-03-11T03:58:46;aha since carefully;2025-03-11T09:19:20
