id;user_name;email;contact;user_status;createdd_by;created_time;updated_by;updated_time
1;calculus;"FAC5T(@p(zE,{.5s";8993672339;Active;spectacles;2025-02-20T22:13:17;improbable brr what;2025-02-20T19:51:48
2;regulate because;"hD[J@0Ahq.O";6039335846;PendingApproval;equally swanling;2025-02-20T22:57:06;after hence around;2025-02-20T13:45:09
3;alongside plastic;";}y+Eu@*.c>k";4071932702;Blocked;incline after appliance;2025-02-20T08:24:41;exterior;2025-02-20T11:25:18
4;neglect as;"#u6@[.'#_";5225868535;Active;hammock what;2025-02-20T19:01:06;truthfully;2025-02-20T17:32:55
5;meh until next;"uYk-@hG.fF[^C";3229404457;Blocked;scared finally;2025-02-21T00:50:23;settle sonata lest;2025-02-21T03:31:07
6;underneath ouch pro;"hP@Eiwj0f.^^";3339500102;Blocked;why;2025-02-20T09:24:13;retention;2025-02-20T06:45:32
7;and hollow;"V5@?.R";7744678982;Active;incandescence;2025-02-20T13:06:27;relative;2025-02-20T17:04:44
8;provided what cheerfully;"'z+<Qn@S(H|UI.HCh78";1879134347;Active;considering restfully quarrelsome;2025-02-20T07:09:51;woot;2025-02-20T06:12:01
9;pale;"%RoRf@wr!3b.0:z:G=";2535846714;Blocked;oh imagineer;2025-02-21T01:01:15;calmly frugal;2025-02-20T15:42:58
10;promptly;"hR@\Z.|K*LA6";7383343712;Active;gleefully account;2025-02-20T17:03:46;wherever enlightened often;2025-02-20T23:12:20
