id;document_name;document_type;document_format;document_size;document_path;createdd_by;created_time;updated_by;updated_time
1;pro;Others;JpgFormat;29635;physically whack where;digit stiff log;2025-02-20T21:12:11;contractor;2025-02-20T09:36:54
2;sundae;AdditionalImages;JpgFormat;4968;noisily meh;reiterate;2025-02-20T06:14:00;really unimpressively reasoning;2025-02-20T22:14:17
3;after;CancelledCheque;JpgFormat;23084;shakily ignorant if;bide;2025-02-20T22:33:39;colour;2025-02-20T14:25:29
4;at midst;CancelledCheque;PdfFormat;7070;instead;oddball sign fleck;2025-02-20T13:28:31;what petticoat;2025-02-20T06:49:57
5;unlike even;AddressProof;JpgFormat;9764;popularity greedily;pointed woot;2025-02-20T06:05:50;although meh trek;2025-02-20T20:51:41
6;vamoose faraway;RegistrationProof;PdfFormat;1970;tenderly excluding;but of apud;2025-02-20T22:22:56;doorpost honestly who;2025-02-20T13:38:09
7;primary where;RegistrationProof;JpgFormat;9131;though geez closely;charming;2025-02-21T00:05:48;gadzooks valiantly superficial;2025-02-20T17:54:31
8;swing past taxicab;RegistrationProof;PdfFormat;225;punctually oh drat;excepting athwart or;2025-02-20T20:18:08;behind;2025-02-20T07:35:11
9;duh hence;Others;Other;24202;aside inasmuch;new brr;2025-02-20T19:33:43;forenenst;2025-02-20T08:15:40
10;surprisingly;RegistrationProof;Other;3521;character;fess blight an;2025-02-20T21:12:05;unethically once;2025-02-20T16:43:43
