id;user_satus;updated_by;updated_time
1;Blocked;fold quinoa oxidize;2025-02-21T03:08:55
2;PendingApproval;hence swanling sometimes;2025-02-20T20:14:03
3;Active;per noisily plus;2025-02-21T02:54:10
4;Blocked;palate where yippee;2025-02-20T18:29:10
5;Active;split scorn;2025-02-20T10:15:49
6;PendingApproval;confused ouch carelessly;2025-02-20T07:00:43
7;Active;incidentally;2025-02-20T07:08:00
8;Blocked;tag give;2025-02-21T04:02:13
9;PendingApproval;annual;2025-02-21T01:47:59
10;PendingApproval;furthermore ugly hyphenation;2025-02-20T12:10:18
