id;location_name;createdd_by;created_time;updated_by;updated_time
1;until chunter fooey;fun gripper;2025-02-20T16:37:37;whether;2025-02-20T20:29:17
2;typify blah blank;nor once;2025-02-20T13:01:14;creature gape;2025-02-20T15:42:19
3;annually;sway round whoa;2025-02-20T03:56:33;lest;2025-02-20T18:10:24
4;since towards honestly;practical;2025-02-20T19:30:16;uh-huh sorrowful enfold;2025-02-20T22:59:51
5;hmph whoa;geez sore;2025-02-20T19:46:30;paintwork;2025-02-20T07:08:13
6;phew cruelty but;amongst tricky;2025-02-20T04:30:14;that;2025-02-20T22:43:48
7;oof;emergent quietly gasp;2025-02-20T07:59:46;who lightly milestone;2025-02-20T17:01:58
8;puzzled satirize;whenever hmph;2025-02-20T11:25:31;implode under;2025-02-20T23:35:46
9;towards tremendously;gah;2025-02-21T01:42:12;not yowza gadzooks;2025-02-20T08:59:23
10;greedily immense bar;apologise quarrelsomely;2025-02-20T21:00:29;blue;2025-02-20T22:39:28
