id;pincode;createdd_by;created_time;updated_by;updated_time
1;kindheartedly if as;minus atop;2025-03-11T01:38:00;drag;2025-03-10T18:10:52
2;even;before newsprint willfully;2025-03-11T02:59:52;oh arrogantly who;2025-03-11T12:08:31
3;towards;stint;2025-03-11T09:00:35;last;2025-03-11T10:10:04
4;describe why provided;gosh pish;2025-03-11T04:04:10;indeed for;2025-03-11T16:15:56
5;fooey cornet meatloaf;upwardly jittery prickly;2025-03-11T15:33:24;pleasure;2025-03-10T17:39:46
6;pliers;slowly;2025-03-10T18:28:23;beard;2025-03-11T00:26:10
7;when separately;portray great;2025-03-10T17:34:00;though considering stealthily;2025-03-11T01:19:31
8;unsung blissfully from;catalog underneath;2025-03-11T11:51:32;dress;2025-03-11T04:37:48
9;pliers tighten;obscure atop gruesome;2025-03-11T09:58:52;mob;2025-03-10T18:53:59
10;amid;along sedately;2025-03-10T17:49:30;but above import;2025-03-11T09:46:12
